,Name,model_family,param_count,medmcqa/acc,medmcqa/acc_stderr,medqa_4options/acc,medqa_4options/acc_stderr,mmlu_anatomy/acc,mmlu_anatomy/acc_stderr,mmlu_clinical_knowledge/acc,mmlu_clinical_knowledge/acc_stderr,mmlu_college_biology/acc,mmlu_college_biology/acc_stderr,mmlu_college_medicine/acc,mmlu_college_medicine/acc_stderr,mmlu_medical_genetics/acc,mmlu_medical_genetics/acc_stderr,mmlu_professional_medicine/acc,mmlu_professional_medicine/acc_stderr,pubmedqa/acc,pubmedqa/acc_stderr
0,Meditron-7b,Meditron,7000000000,0.2765957446808511,0.0069170555347282,0.2882953652788688,0.0127006272946399,0.4,0.0423207369515158,0.3622641509433962,0.0295822451283843,0.3611111111111111,0.0401666003045123,0.2832369942196532,0.0343556805604787,0.42,0.0496044963748858,0.2389705882352941,0.025905280644893,0.714,0.0202293463291775
1,Meditron-7b,Meditron,7000000000,0.2765957446808511,0.0069170555347282,0.2882953652788688,0.0127006272946399,0.4,0.0423207369515158,0.3622641509433962,0.0295822451283843,0.3611111111111111,0.0401666003045123,0.2832369942196532,0.0343556805604787,0.42,0.0496044963748858,0.2389705882352941,0.025905280644893,0.714,0.0202293463291775
2,BioMistral-7B,Biomistral,7000000000,0.4154912742051159,0.0076205170476034,0.4619010212097407,0.0139785456628498,0.5111111111111111,0.0431827549197797,0.6264150943396226,0.0297730827133198,0.5972222222222222,0.0410140551984242,0.5433526011560693,0.0379810656601449,0.67,0.047258156262526,0.5294117647058824,0.0303202432650041,0.708,0.0203543754805301
